"00A9",
"0020",
"0021",
"0022",
"0023",
"0024",
"0025",
"0026",
"0027",
"0028",
"0029",
"002A",
"002B",
"002C",
"002D",
"002E",
"002F",
"0030",
"0031",
"0032",
"0033",
"0034",
"0035",
"0036",
"0037",
"0038",
"0039",
"003A",
"003B",
"003C",
"003D",
"003E",
"003F",
"0040",
"0041",
"0042",
"0043",
"0044",
"0045",
"0046",
"0047",
"0048",
"0049",
"004A",
"004B",
"004C",
"004D",
"004E",
"004F",
"0050",
"0051",
"0052",
"0053",
"0054",
"0055",
"0056",
"0057",
"0058",
"0059",
"005A",
"005B",
"005C",
"005D",
"005E",
"005F",
"0060",
"0061",
"0062",
"0063",
"0064",
"0065",
"0066",
"0067",
"0068",
"0069",
"006A",
"006B",
"006C",
"006D",
"006E",
"006F",
"0070",
"0071",
"0072",
"0073",
"0074",
"0075",
"0076",
"0077",
"0078",
"0079",
"007A",
"007B",
"007C",
"007D",
"007E",
"00A0",
"00A1",
"00A6",
"00A8",
"00AA",
"00AB",
"00AD",
"00AE",
"00AF",
"00B0",
"00B4",
"00B5",
"00B7",
"00B8",
"00B9",
"00BA",
"00BB",
"00C0",
"00C1",
"00C2",
"00C3",
"00C4",
"00C5",
"00C6",
"00C7",
"00C8",
"00C9",
"00CA",
"00CB",
"00CC",
"00CD",
"00CE",
"00CF",
"00D0",
"00D1",
"00D2",
"00D3",
"00D4",
"00D5",
"00D6",
"00D7",
"00D8",
"00D9",
"00DA",
"00DB",
"00DC",
"00DD",
"00DE",
"00DF",
"00E0",
"00E1",
"00E2",
"00E3",
"00E4",
"00E5",
"00E6",
"00E7",
"00E8",
"00E9",
"00EA",
"00EB",
"00EC",
"00ED",
"00EE",
"00EF",
"00F0",
"00F1",
"00F2",
"00F3",
"00F4",
"00F5",
"00F6",
"00F7",
"00F8",
"00F9",
"00FA",
"00FB",
"00FC",
"00FD",
"00FE",
"00FF",
"0100",
"0101",
"0102",
"0103",
"0104",
"0105",
"0106",
"0107",
"0108",
"0109",
"010A",
"010B",
"010C",
"010D",
"010E",
"010F",
"0110",
"0111",
"0112",
"0113",
"0114",
"0115",
"0116",
"0117",
"0118",
"0119",
"011A",
"011B",
"011C",
"011D",
"011E",
"011F",
"0120",
"0121",
"0122",
"0123",
"0124",
"0125",
"0126",
"0127",
"0128",
"0129",
"012A",
"012B",
"012C",
"012D",
"012E",
"012F",
"0130",
"0131",
"0132",
"0133",
"0134",
"0135",
"0136",
"0137",
"0138",
"0139",
"013A",
"013B",
"013C",
"013D",
"013E",
"013F",
"0140",
"0141",
"0142",
"0143",
"0144",
"0145",
"0146",
"0147",
"0148",
"0149",
"014A",
"014B",
"014C",
"014D",
"014E",
"014F",
"0150",
"0151",
"0152",
"0153",
"0154",
"0155",
"0156",
"0157",
"0158",
"0159",
"015A",
"015B",
"015C",
"015D",
"015E",
"015F",
"0160",
"0161",
"0162",
"0163",
"0164",
"0165",
"0166",
"0167",
"0168",
"0169",
"016A",
"016B",
"016C",
"016D",
"016E",
"016F",
"0170",
"0171",
"0172",
"0173",
"0174",
"0175",
"0176",
"0177",
"0178",
"0179",
"017A",
"017B",
"017C",
"017D",
"017E",
"017F",
"0180",
"0181",
"0182",
"0183",
"0184",
"0185",
"0186",
"0187",
"0188",
"0189",
"018A",
"018B",
"018C",
"018D",
"018E",
"018F",
"0190",
"0191",
"0192",
"0193",
"0194",
"0195",
"0196",
"0197",
"0198",
"0199",
"019A",
"019B",
"019C",
"019D",
"019E",
"019F",
"01A0",
"01A1",
"01A2",
"01A3",
"01A4",
"01A5",
"01A6",
"01A7",
"01A8",
"01A9",
"01AA",
"01AB",
"01AC",
"01AD",
"01AE",
"01AF",
"01B0",
"01B1",
"01B2",
"01B3",
"01B4",
"01B5",
"01B6",
"01B7",
"01B8",
"01B9",
"01BA",
"01BB",
"01BC",
"01BD",
"01BE",
"01BF",
"01C0",
"01C1",
"01C2",
"01C3",
"01C4",
"01C5",
"01C6",
"01C7",
"01C8",
"01C9",
"01CA",
"01CB",
"01CC",
"01CD",
"01CE",
"01CF",
"01D0",
"01D1",
"01D2",
"01D3",
"01D4",
"01D5",
"01D6",
"01D7",
"01D8",
"01D9",
"01DA",
"01DB",
"01DC",
"01DD",
"01DE",
"01DF",
"01E0",
"01E1",
"01E2",
"01E3",
"01E4",
"01E5",
"01E6",
"01E7",
"01E8",
"01E9",
"01EA",
"01EB",
"01EC",
"01ED",
"01EE",
"01EF",
"01F0",
"01F1",
"01F2",
"01F3",
"01F4",
"01F5",
"01F6",
"01F7",
"01F8",
"01F9",
"01FA",
"01FB",
"01FC",
"01FD",
"01FE",
"01FF",
"0200",
"0201",
"0202",
"0203",
"0204",
"0205",
"0206",
"0207",
"0208",
"0209",
"020A",
"020B",
"020C",
"020D",
"020E",
"020F",
"0210",
"0211",
"0212",
"0213",
"0214",
"0215",
"0216",
"0217",
"0218",
"0219",
"021A",
"021B",
"021C",
"021D",
"021E",
"021F",
"0220",
"0221",
"0222",
"0223",
"0224",
"0225",
"0226",
"0227",
"0228",
"0229",
"022A",
"022B",
"022C",
"022D",
"022E",
"022F",
"0230",
"0231",
"0232",
"0233",
"0234",
"0235",
"0236",
"0237",
"0238",
"0239",
"023A",
"023B",
"023C",
"023D",
"023E",
"023F",
"0240",
"0241",
"0242",
"0243",
"0244",
"0245",
"0246",
"0247",
"0248",
"0249",
"024A",
"024B",
"024C",
"024D",
"024E",
"024F",
"0250",
"0251",
"0252",
"0253",
"0254",
"0255",
"0256",
"0257",
"0258",
"0259",
"025A",
"025B",
"025C",
"025D",
"025E",
"025F",
"0260",
"0261",
"0262",
"0263",
"0264",
"0265",
"0266",
"0267",
"0268",
"0269",
"026A",
"026B",
"026C",
"026D",
"026E",
"026F",
"0270",
"0271",
"0272",
"0273",
"0274",
"0275",
"0276",
"0277",
"0278",
"0279",
"027A",
"027B",
"027C",
"027D",
"027E",
"027F",
"0280",
"0281",
"0282",
"0283",
"0284",
"0285",
"0286",
"0287",
"0288",
"0289",
"028A",
"028B",
"028C",
"028D",
"028E",
"028F",
"0290",
"0291",
"0292",
"0293",
"0294",
"0295",
"0296",
"0297",
"0298",
"0299",
"029A",
"029B",
"029C",
"029D",
"029E",
"029F",
"02A0",
"02A1",
"02A2",
"02A3",
"02A4",
"02A5",
"02A6",
"02A7",
"02A8",
"02A9",
"02AA",
"02AB",
"02AC",
"02AD",
"02AE",
"02AF",
"02B0",
"02B1",
"02B2",
"02B3",
"02B4",
"02B5",
"02B6",
"02B7",
"02B8",
"02B9",
"02BA",
"02BB",
"02BC",
"02BD",
"02BE",
"02BF",
"02C0",
"02C1",
"02C2",
"02C3",
"02C4",
"02C5",
"02C6",
"02C7",
"02C8",
"02C9",
"02CA",
"02CB",
"02CC",
"02CD",
"02CE",
"02CF",
"02D0",
"02D1",
"02D2",
"02D3",
"02D4",
"02D5",
"02D6",
"02D7",
"02D8",
"02D9",
"02DA",
"02DB",
"02DC",
"02DD",
"02DE",
"02DF",
"02E0",
"02E1",
"02E2",
"02E3",
"02E4",
"02E5",
"02E6",
"02E7",
"02E8",
"02E9",
"02EA",
"02EB",
"02EC",
"02ED",
"02EE",
"02EF",
"02F0",
"02F1",
"02F2",
"02F3",
"02F4",
"02F5",
"02F6",
"02F7",
"02F8",
"02F9",
"02FA",
"02FB",
"02FC",
"02FD",
"02FE",
"02FF",
"0300",
"0301",
"0302",
"0303",
"0304",
"0305",
"0306",
"0307",
"0308",
"0309",
"030A",
"030B",
"030C",
"030D",
"030E",
"030F",
"0310",
"0311",
"0312",
"0313",
"0314",
"0315",
"0316",
"0317",
"0318",
"0319",
"031A",
"031B",
"031C",
"031D",
"031E",
"031F",
"0320",
"0321",
"0322",
"0323",
"0324",
"0325",
"0326",
"0327",
"0328",
"0329",
"032A",
"032B",
"032C",
"032D",
"032E",
"032F",
"0330",
"0331",
"0332",
"0333",
"0334",
"0335",
"0336",
"0337",
"0338",
"0339",
"033A",
"033B",
"033C",
"033D",
"033E",
"033F",
"0340",
"0341",
"0342",
"0343",
"0344",
"0345",
"0346",
"0347",
"0348",
"0349",
"034A",
"034B",
"034C",
"034D",
"034E",
"034F",
"0350",
"0351",
"0352",
"0353",
"0354",
"0355",
"0356",
"0357",
"0358",
"0359",
"035A",
"035B",
"035C",
"035D",
"035E",
"035F",
"0360",
"0361",
"0362",
"0363",
"0364",
"0365",
"0366",
"0367",
"0368",
"0369",
"036A",
"036B",
"036C",
"036D",
"036E",
"036F",
"1DC0",
"1DC1",
"1DC2",
"1DC3",
"1DC4",
"1DC5",
"1DC6",
"1DC7",
"1DC8",
"1DC9",
"1DCA",
"1DCB",
"1DCC",
"1DCD",
"1DCE",
"1DCF",
"1DD0",
"1DD1",
"1DD2",
"1DD3",
"1DD4",
"1DD5",
"1DD6",
"1DD7",
"1DD8",
"1DD9",
"1DDA",
"1DDB",
"1DDC",
"1DDD",
"1DDE",
"1DDF",
"1DE0",
"1DE1",
"1DE2",
"1DE3",
"1DE4",
"1DE5",
"1DE6",
"1DE7",
"1DE8",
"1DE9",
"1DEA",
"1DEB",
"1DEC",
"1DED",
"1DEE",
"1DEF",
"1DF0",
"1DF1",
"1DF2",
"1DF3",
"1DF4",
"1DF5",
"1DF6",
"1DF7",
"1DF8",
"1DF9",
"1DFA",
"1DFB",
"1DFC",
"1DFD",
"1DFE",
"1DFF",
"1E00",
"1E01",
"1E02",
"1E03",
"1E04",
"1E05",
"1E06",
"1E07",
"1E08",
"1E09",
"1E0A",
"1E0B",
"1E0C",
"1E0D",
"1E0E",
"1E0F",
"1E10",
"1E11",
"1E12",
"1E13",
"1E14",
"1E15",
"1E16",
"1E17",
"1E18",
"1E19",
"1E1A",
"1E1B",
"1E1C",
"1E1D",
"1E1E",
"1E1F",
"1E20",
"1E21",
"1E22",
"1E23",
"1E24",
"1E25",
"1E26",
"1E27",
"1E28",
"1E29",
"1E2A",
"1E2B",
"1E2C",
"1E2D",
"1E2E",
"1E2F",
"1E30",
"1E31",
"1E32",
"1E33",
"1E34",
"1E35",
"1E36",
"1E37",
"1E38",
"1E39",
"1E3A",
"1E3B",
"1E3C",
"1E3D",
"1E3E",
"1E3F",
"1E40",
"1E41",
"1E42",
"1E43",
"1E44",
"1E45",
"1E46",
"1E47",
"1E48",
"1E49",
"1E4A",
"1E4B",
"1E4C",
"1E4D",
"1E4E",
"1E4F",
"1E50",
"1E51",
"1E52",
"1E53",
"1E54",
"1E55",
"1E56",
"1E57",
"1E58",
"1E59",
"1E5A",
"1E5B",
"1E5C",
"1E5D",
"1E5E",
"1E5F",
"1E60",
"1E61",
"1E62",
"1E63",
"1E64",
"1E65",
"1E66",
"1E67",
"1E68",
"1E69",
"1E6A",
"1E6B",
"1E6C",
"1E6D",
"1E6E",
"1E6F",
"1E70",
"1E71",
"1E72",
"1E73",
"1E74",
"1E75",
"1E76",
"1E77",
"1E78",
"1E79",
"1E7A",
"1E7B",
"1E7C",
"1E7D",
"1E7E",
"1E7F",
"1E80",
"1E81",
"1E82",
"1E83",
"1E84",
"1E85",
"1E86",
"1E87",
"1E88",
"1E89",
"1E8A",
"1E8B",
"1E8C",
"1E8D",
"1E8E",
"1E8F",
"1E90",
"1E91",
"1E92",
"1E93",
"1E94",
"1E95",
"1E96",
"1E97",
"1E98",
"1E99",
"1E9A",
"1E9B",
"1E9C",
"1E9D",
"1E9E",
"1E9F",
"1EA0",
"1EA1",
"1EA2",
"1EA3",
"1EA4",
"1EA5",
"1EA6",
"1EA7",
"1EA8",
"1EA9",
"1EAA",
"1EAB",
"1EAC",
"1EAD",
"1EAE",
"1EAF",
"1EB0",
"1EB1",
"1EB2",
"1EB3",
"1EB4",
"1EB5",
"1EB6",
"1EB7",
"1EB8",
"1EB9",
"1EBA",
"1EBB",
"1EBC",
"1EBD",
"1EBE",
"1EBF",
"1EC0",
"1EC1",
"1EC2",
"1EC3",
"1EC4",
"1EC5",
"1EC6",
"1EC7",
"1EC8",
"1EC9",
"1ECA",
"1ECB",
"1ECC",
"1ECD",
"1ECE",
"1ECF",
"1ED0",
"1ED1",
"1ED2",
"1ED3",
"1ED4",
"1ED5",
"1ED6",
"1ED7",
"1ED8",
"1ED9",
"1EDA",
"1EDB",
"1EDC",
"1EDD",
"1EDE",
"1EDF",
"1EE0",
"1EE1",
"1EE2",
"1EE3",
"1EE4",
"1EE5",
"1EE6",
"1EE7",
"1EE8",
"1EE9",
"1EEA",
"1EEB",
"1EEC",
"1EED",
"1EEE",
"1EEF",
"1EF0",
"1EF1",
"1EF2",
"1EF3",
"1EF4",
"1EF5",
"1EF6",
"1EF7",
"1EF8",
"1EF9",
"1EFA",
"1EFB",
"1EFC",
"1EFD",
"1EFE",
"1EFF",
"2018",
"2019",
"201A",
"201B",
"201C",
"201D",
"201E",
"201F",
"2C60",
"2C61",
"2C62",
"2C63",
"2C64",
"2C65",
"2C66",
"2C67",
"2C68",
"2C69",
"2C6A",
"2C6B",
"2C6C",
"2C6D",
"2C6E",
"2C6F",
"2C70",
"2C71",
"2C72",
"2C73",
"2C74",
"2C75",
"2C76",
"2C77",
"2C78",
"2C79",
"2C7A",
"2C7B",
"2C7C",
"2C7D",
"2C7E",
"2C7F",
"A720",
"A721",
"A722",
"A723",
"A724",
"A725",
"A726",
"A727",
"A728",
"A729",
"A72A",
"A72B",
"A72C",
"A72D",
"A72E",
"A72F",
"A730",
"A731",
"A732",
"A733",
"A734",
"A735",
"A736",
"A737",
"A738",
"A739",
"A73A",
"A73B",
"A73C",
"A73D",
"A73E",
"A73F",
"A740",
"A741",
"A742",
"A743",
"A744",
"A745",
"A746",
"A747",
"A748",
"A749",
"A74A",
"A74B",
"A74C",
"A74D",
"A74E",
"A74F",
"A750",
"A751",
"A752",
"A753",
"A754",
"A755",
"A756",
"A757",
"A758",
"A759",
"A75A",
"A75B",
"A75C",
"A75D",
"A75E",
"A75F",
"A760",
"A761",
"A762",
"A763",
"A764",
"A765",
"A766",
"A767",
"A768",
"A769",
"A76A",
"A76B",
"A76C",
"A76D",
"A76E",
"A76F",
"A770",
"A771",
"A772",
"A773",
"A774",
"A775",
"A776",
"A777",
"A778",
"A779",
"A77A",
"A77B",
"A77C",
"A77D",
"A77E",
"A77F",
"A780",
"A781",
"A782",
"A783",
"A784",
"A785",
"A786",
"A787",
"A788",
"A789",
"A78A",
"A78B",
"A78C",
"A78D",
"A78E",
"A78F",
"A790",
"A791",
"A792",
"A793",
"A794",
"A795",
"A796",
"A797",
"A798",
"A799",
"A79A",
"A79B",
"A79C",
"A79D",
"A79E",
"A79F",
"A7A0",
"A7A1",
"A7A2",
"A7A3",
"A7A4",
"A7A5",
"A7A6",
"A7A7",
"A7A8",
"A7A9",
"A7AA",
"A7AB",
"A7AC",
"A7AD",
"A7AE",
"A7AF",
"A7B0",
"A7B1",
"A7B2",
"A7B3",
"A7B4",
"A7B5",
"A7B6",
"A7B7",
"A7B8",
"A7B9",
"A7BA",
"A7BB",
"A7BC",
"A7BD",
"A7BE",
"A7BF",
"A7C0",
"A7C1",
"A7C2",
"A7C3",
"A7C4",
"A7C5",
"A7C6",
"A7C7",
"A7C8",
"A7C9",
"A7CA",
"A7CB",
"A7CC",
"A7CD",
"A7CE",
"A7CF",
"A7D0",
"A7D1",
"A7D2",
"A7D3",
"A7D4",
"A7D5",
"A7D6",
"A7D7",
"A7D8",
"A7D9",
"A7DA",
"A7DB",
"A7DC",
"A7DD",
"A7DE",
"A7DF",
"A7E0",
"A7E1",
"A7E2",
"A7E3",
"A7E4",
"A7E5",
"A7E6",
"A7E7",
"A7E8",
"A7E9",
"A7EA",
"A7EB",
"A7EC",
"A7ED",
"A7EE",
"A7EF",
"A7F0",
"A7F1",
"A7F2",
"A7F3",
"A7F4",
"A7F5",
"A7F6",
"A7F7",
"A7F8",
"A7F9",
"A7FA",
"A7FB",
"A7FC",
"A7FD",
"A7FE",
"A7FF",
"AB30",
"AB31",
"AB32",
"AB33",
"AB34",
"AB35",
"AB36",
"AB37",
"AB38",
"AB39",
"AB3A",
"AB3B",
"AB3C",
"AB3D",
"AB3E",
"AB3F",
"AB40",
"AB41",
"AB42",
"AB43",
"AB44",
"AB45",
"AB46",
"AB47",
"AB48",
"AB49",
"AB4A",
"AB4B",
"AB4C",
"AB4D",
"AB4E",
"AB4F",
"AB50",
"AB51",
"AB52",
"AB53",
"AB54",
"AB55",
"AB56",
"AB57",
"AB58",
"AB59",
"AB5A",
"AB5B",
"AB5C",
"AB5D",
"AB5E",
"AB5F",
"AB60",
"AB61",
"AB62",
"AB63",
