inom;mi
NB-20-Z-B;001
NB-21-Y-A;001A
NB-20-Y-C;002
NB-20-Y-D;003
NB-20-Z-C;004
NB-20-Z-D;005
NB-21-Y-C;006
NB-22-Y-D;007
NA-20-V-A;007A
NA-20-V-B;008
NA-20-X-A;009
NA-20-X-B;010
NA-21-V-A;011
NA-22-V-B;012
NA-22-X-A;012A
NA-19-X-C;013
NA-19-X-D;014
NA-20-V-D;015
NA-20-X-C;016
NA-20-X-D;017
NA-21-V-C;018
NA-21-V-D;018A
NA-21-X-C;019
NA-21-X-D;020
NA-22-V-C;021
NA-22-V-D;022
NA-22-X-C;023
NA-19-Y-B;024
NA-19-Z-A;025
NA-19-Z-B;026
NA-20-Y-A;027
NA-20-Y-B;028
NA-20-Z-A;029
NA-20-Z-B;030
NA-21-Y-A;031
NA-21-Y-B;032
NA-21-Z-A;033
NA-21-Z-B;034
NA-22-Y-A;035
NA-22-Y-B;036
NA-22-Z-A;037
NA-19-Y-D;038
NA-19-Z-C;039
NA-19-Z-D;040
NA-20-Y-C;041
NA-20-Y-D;042
NA-20-Z-C;043
NA-20-Z-D;044
NA-21-Y-C;045
NA-21-Y-D;046
NA-21-Z-C;047
NA-21-Z-D;048
NA-22-Y-C;049
NA-22-Y-D;050
NA-22-Z-C;051
NA-22-Z-D;052
NA-26-Y-C;052A
SA-19-V-B;053
SA-19-X-A;054
SA-19-X-B;055
SA-20-V-A;056
SA-20-V-B;057
SA-20-X-A;058
SA-20-X-B;059
SA-21-V-A;060
SA-21-V-B;061
SA-21-X-A;062
SA-21-X-B;063
SA-22-V-A;064
SA-22-V-B;065
SA-22-X-A;066
SA-22-X-B;067
SA-23-V-A;068
SA-23-V-B;069
SA-19-V-D;070
SA-19-X-C;071
SA-19-X-D;072
SA-20-V-C;073
SA-20-V-D;074
SA-20-X-C;075
SA-20-X-D;076
SA-21-V-C;077
SA-21-V-D;078
SA-21-X-C;079
SA-21-X-D;080
SA-22-V-C;081
SA-22-V-D;082
SA-22-X-C;083
SA-22-X-D;084
SA-23-V-C;085
SA-23-V-D;086
SA-23-X-C;087
SA-19-Y-B;088
SA-19-Z-A;089
SA-19-Z-B;090
SA-20-Y-A;091
SA-20-Y-B;092
SA-20-Z-A;093
SA-20-Z-B;094
SA-21-Y-A;095
SA-21-Y-B;096
SA-21-Z-A;097
SA-21-Z-B;098
SA-22-Y-A;099
SA-22-Y-B;100
SA-22-Z-A;101
SA-22-Z-B;102
SA-23-Y-A;103
SA-23-Y-B;104
SA-23-Z-A;105
SA-23-Z-B;106
SA-24-Y-A;107
SA-24-Y-B;108
SA-19-Y-D;109
SA-19-Z-C;110
SA-19-Z-D;111
SA-20-Y-C;112
SA-20-Y-D;113
SA-20-Z-C;114
SA-20-Z-D;115
SA-21-Y-C;116
SA-21-Y-D;117
SA-21-Z-C;118
SA-21-Z-D;119
SA-22-Y-C;120
SA-22-Y-D;121
SA-22-Z-C;122
SA-22-Z-D;123
SA-23-Y-C;124
SA-23-Y-D;125
SA-23-Z-C;126
SA-23-Z-D;127
SA-24-Y-C;128
SA-24-Y-D;129
SA-24-Z-C;130
SA-25-Y-D;130A
SA-25-Z-C;130B
SB-18-X-B;131
SB-19-V-A;132
SB-19-V-B;133
SB-19-X-A;134
SB-19-X-B;135
SB-20-V-A;136
SB-20-V-B;137
SB-20-X-A;138
SB-20-X-B;139
SB-21-V-A;140
SB-21-V-B;141
SB-21-X-A;142
SB-21-X-B;143
SB-22-V-A;144
SB-22-V-B;145
SB-22-X-A;146
SB-22-X-B;147
SB-23-V-A;148
SB-23-V-B;149
SB-23-X-A;150
SB-23-X-B;151
SB-24-V-A;152
SB-24-V-B;153
SB-24-X-A;154
SB-24-X-B;155
SB-18-X-D;156
SB-19-V-C;157
SB-19-V-D;158
SB-19-X-C;159
SB-19-X-D;160
SB-20-V-C;161
SB-20-V-D;162
SB-20-X-C;163
SB-20-X-D;164
SB-21-V-C;165
SB-21-V-D;166
SB-21-X-C;167
SB-21-X-D;168
SB-22-V-C;169
SB-22-V-D;170
SB-22-X-C;171
SB-22-X-D;172
SB-23-V-C;173
SB-23-V-D;174
SB-23-X-C;175
SB-23-X-D;176
SB-24-V-C;177
SB-24-V-D;178
SB-24-X-C;179
SB-24-X-D;180
SB-25-V-C;181
SB-18-Z-A;182
SB-18-Z-B;183
SB-19-Y-A;184
SB-19-Y-B;185
SB-19-Z-A;186
SB-19-Z-B;187
SB-20-Y-A;188
SB-20-Y-B;189
SB-20-Z-A;190
SB-20-Z-B;191
SB-21-Y-A;192
SB-21-Y-B;193
SB-21-Z-A;194
SB-21-Z-B;195
SB-22-Y-A;196
SB-22-Y-B;197
SB-22-Z-A;198
SB-22-Z-B;199
SB-23-Y-A;200
SB-23-Y-B;201
SB-23-Z-A;202
SB-23-Z-B;203
SB-24-Y-A;204
SB-24-Y-B;205
SB-24-Z-A;206
SB-24-Z-B;207
SB-25-Y-A;208
SB-18-Z-C;209
SB-18-Z-D;210
SB-19-Y-C;211
SB-19-Y-D;212
SB-19-Z-C;213
SB-19-Z-D;214
SB-20-Y-C;215
SB-20-Y-D;216
SB-20-Z-C;217
SB-20-Z-D;218
SB-21-Y-C;219
SB-21-Y-D;220
SB-21-Z-C;221
SB-21-Z-D;222
SB-22-Y-C;223
SB-22-Y-D;224
SB-22-Z-C;225
SB-22-Z-D;226
SB-23-Y-C;227
SB-23-Y-D;228
SB-23-Z-C;229
SB-23-Z-D;230
SB-24-Y-C;231
SB-24-Y-D;232
SB-24-Z-C;233
SB-24-Z-D;234
SB-25-Y-C;235
SC-18-X-A;236
SC-18-X-B;237
SC-19-V-A;238
SC-19-V-B;239
SC-19-X-A;240
SC-19-X-B;241
SC-20-V-A;242
SC-20-V-B;243
SC-20-X-A;244
SC-20-X-B;245
SC-21-V-A;246
SC-21-V-B;247
SC-21-X-A;248
SC-21-X-B;249
SC-22-V-A;250
SC-22-V-B;251
SC-22-X-A;252
SC-22-X-B;253
SC-23-V-A;254
SC-23-V-B;255
SC-23-X-A;256
SC-23-X-B;257
SC-24-V-A;258
SC-24-V-B;259
SC-24-X-A;260
SC-24-X-B;261
SC-25-V-A;262
SC-18-X-D;263
SC-19-V-C;264
SC-19-V-D;265
SC-19-X-C;266
SC-19-X-D;267
SC-20-V-C;268
SC-20-V-D;269
SC-20-X-C;270
SC-20-X-D;271
SC-21-V-C;272
SC-21-V-D;273
SC-21-X-C;274
SC-21-X-D;275
SC-22-V-C;276
SC-22-V-D;277
SC-22-X-C;278
SC-22-X-D;279
SC-23-V-C;280
SC-23-V-D;281
SC-23-X-C;282
SC-23-X-D;283
SC-24-V-C;284
SC-24-V-D;285
SC-24-X-C;286
SC-24-X-D;287
SC-25-V-C;288
SC-19-Y-A;289
SC-19-Y-B;290
SC-19-Z-A;291
SC-19-Z-B;292
SC-20-Y-A;293
SC-20-Y-B;294
SC-20-Z-A;295
SC-20-Z-B;296
SC-21-Y-A;297
SC-21-Y-B;298
SC-21-Z-A;299
SC-21-Z-B;300
SC-22-Y-A;301
SC-22-Y-B;302
SC-22-Z-A;303
SC-22-Z-B;304
SC-23-Y-A;305
SC-23-Y-B;306
SC-23-Z-A;307
SC-23-Z-B;308
SC-24-Y-A;309
SC-24-Y-B;310
SC-24-Z-A;311
SC-24-Z-B;312
SC-19-Y-D;312A
SC-19-Z-C;312B
SC-20-Y-C;313
SC-20-Y-D;314
SC-20-Z-C;315
SC-20-Z-D;316
SC-21-Y-C;317
SC-21-Y-D;318
SC-21-Z-C;319
SC-21-Z-D;320
SC-22-Y-C;321
SC-22-Y-D;322
SC-22-Z-C;323
SC-22-Z-D;324
SC-23-Y-C;325
SC-23-Y-D;326
SC-23-Z-C;327
SC-23-Z-D;328
SC-24-Y-C;329
SC-24-Y-D;330
SC-24-Z-C;331
SC-24-Z-D;332
SD-20-V-A;333
SD-20-V-B;334
SD-20-X-A;335
SD-20-X-B;336
SD-21-V-A;337
SD-21-V-B;338
SD-21-X-A;339
SD-21-X-B;340
SD-22-V-A;341
SD-22-V-B;342
SD-22-X-A;343
SD-22-X-B;344
SD-23-V-A;345
SD-23-V-B;346
SD-23-X-A;347
SD-23-X-B;348
SD-24-V-A;349
SD-24-V-B;350
SD-24-X-A;351
SD-20-X-C;352
SD-20-X-D;353
SD-21-V-C;354
SD-21-V-D;355
SD-21-X-C;356
SD-21-X-D;357
SD-22-V-C;358
SD-22-V-D;359
SD-22-X-C;360
SD-22-X-D;361
SD-23-V-C;362
SD-23-V-D;363
SD-23-X-C;364
SD-23-X-D;365
SD-24-V-C;366
SD-24-V-D;367
SD-24-X-C;368
SD-20-Z-B;369
SD-21-Y-A;370
SD-21-Y-B;371
SD-21-Z-A;372
SD-21-Z-B;373
SD-22-Y-A;374
SD-22-Y-B;375
SD-22-Z-A;376
SD-22-Z-B;377
SD-23-Y-A;378
SD-23-Y-B;379
SD-23-Z-A;380
SD-23-Z-B;381
SD-24-Y-A;382
SD-24-Y-B;383
SD-24-Z-A;384
SD-20-Z-D;385
SD-21-Y-C;386
SD-21-Y-D;387
SD-21-Z-C;388
SD-21-Z-D;389
SD-22-Y-C;390
SD-22-Y-D;391
SD-22-Z-C;392
SD-22-Z-D;393
SD-23-Y-C;394
SD-23-Y-D;395
SD-23-Z-C;396
SD-23-Z-D;397
SD-24-Y-C;398
SD-24-Y-D;399
SD-24-Z-C;400
SE-20-X-B;401
SE-21-V-A;402
SE-21-V-B;403
SE-21-X-A;404
SE-21-X-B;405
SE-22-V-A;406
SE-22-V-B;407
SE-22-X-A;408
SE-22-X-B;409
SE-23-V-A;410
SE-23-V-B;411
SE-23-X-A;412
SE-23-X-B;413
SE-24-V-A;414
SE-24-V-B;415
SE-24-X-A;416
SE-21-V-D;417
SE-21-X-C;418
SE-21-X-D;419
SE-22-V-C;420
SE-22-V-D;421
SE-22-X-C;422
SE-22-X-D;423
SE-23-V-C;424
SE-23-V-D;425
SE-23-X-C;426
SE-23-X-D;427
SE-24-V-C;428
SE-24-V-D;429
SE-24-X-C;429A
SE-21-Y-B;430
SE-21-Z-A;431
SE-21-Z-B;432
SE-22-Y-A;433
SE-22-Y-B;434
SE-22-Z-A;435
SE-22-Z-B;436
SE-23-Y-A;437
SE-23-Y-B;438
SE-23-Z-A;439
SE-23-Z-B;440
SE-24-Y-A;441
SE-24-Y-B;442
SE-21-Y-D;443
SE-21-Z-C;444
SE-21-Z-D;445
SE-22-Y-C;446
SE-22-Y-D;447
SE-22-Z-C;448
SE-22-Z-D;449
SE-23-Y-C;450
SE-23-Y-D;451
SE-23-Z-C;452
SE-23-Z-D;453
SE-24-Y-C;454
SE-24-Y-D;455
SF-21-V-B;456
SF-21-X-A;457
SF-21-X-B;458
SF-22-V-A;459
SF-22-V-B;460
SF-22-X-A;461
SF-22-X-B;462
SF-23-V-A;463
SF-23-V-B;464
SF-23-X-A;465
SF-23-X-B;466
SF-24-V-A;467
SF-24-V-B;468
SF-26-V-A;468A
SF-21-V-D;469
SF-21-X-C;470
SF-21-X-D;471
SF-22-V-C;472
SF-22-V-D;473
SF-22-X-C;474
SF-22-X-D;475
SF-23-V-C;476
SF-23-V-D;477
SF-23-X-C;478
SF-23-X-D;479
SF-24-V-C;480
SF-21-Y-B;481
SF-21-Z-A;482
SF-21-Z-B;483
SF-22-Y-A;484
SF-22-Y-B;485
SF-22-Z-A;486
SF-22-Z-B;487
SF-23-Y-A;488
SF-23-Y-B;489
SF-23-Z-A;490
SF-23-Z-B;491
SF-24-Y-A;492
SF-21-Z-C;493
SF-21-Z-D;494
SF-22-Y-C;495
SF-22-Y-D;496
SF-22-Z-C;497
SF-22-Z-D;498
SF-23-Y-C;499
SF-23-Y-D;500
SF-23-Z-C;501
SF-23-Z-D;502
SF-24-Y-C;502A
SG-21-X-B;503
SG-22-V-A;504
SG-22-V-B;505
SG-22-X-A;506
SG-22-X-B;507
SG-23-V-A;508
SG-23-V-B;509
SG-21-X-D;510
SG-22-V-C;511
SG-22-V-D;512
SG-22-X-C;513
SG-22-X-D;514
SG-23-V-C;515
SG-22-Y-A;516
SG-22-Y-B;517
SG-22-Z-A;518
SG-22-Z-B;519
SG-21-Z-D;520
SG-22-Y-C;521
SG-22-Y-D;522
SG-22-Z-C;523
SG-22-Z-D;524
SH-21-X-A;525
SH-21-X-B;526
SH-22-V-A;527
SH-22-V-B;528
SH-22-X-A;529
SH-22-X-B;530
SH-21-V-D;531
SH-21-X-C;532
SH-21-X-D;533
SH-22-V-C;534
SH-22-V-D;535
SH-22-X-C;536
SH-22-X-D;536A
SH-21-Y-B;537
SH-21-Z-A;538
SH-21-Z-B;539
SH-22-Y-A;540
SH-22-Y-B;541
SH-22-Z-A;542
SH-21-Z-C;543
SH-21-Z-D;544
SH-22-Y-C;545
SH-22-Y-D;546
SH-22-Z-C;547
SI-22-V-A;548
SI-22-V-B;549
SI-22-V-C;550
