NB-20-Y-C;0002
SB-19-Z-D;0214
SA-20-X-B;0059
SA-20-X-C;0075
SA-20-X-D;0076
SA-20-Y-A;0091
SA-20-Y-B;0092
SA-20-Y-C;0112
SA-20-Y-D;0113
SA-20-Z-A;0093
SA-20-Z-B;0094
SD-21-X-C;0356
SB-20-V-A;0136
SD-21-X-D;0357
SD-21-Y-A;0370
SD-21-Y-B;371
SD-21-Y-C;0386
SD-21-Y-D;0387
SD-21-Z-A;0372
SD-21-Z-B;0373
SD-21-Z-C;0388
SD-21-Z-D;0389
NA-22-V-B;0012
SB-20-V-B;0137
NA-22-V-C;0021
NA-22-V-D;0022
NA-22-X-A;0012-A
NA-22-X-C;0023
NA-22-Y-A;0035
NA-22-Y-B;0036
NA-22-Y-C;0049
NA-22-Y-D;0050
NA-22-Z-A;0037
NA-22-Z-C;0051
SB-20-V-C;0161
NA-22-Z-D;0052
SA-19-V-B;0053
SA-19-V-D;0070
SA-19-X-A;0054
SA-19-X-B;0055
SA-19-X-C;0071
SA-19-X-D;0072
SA-19-Y-B;0088
SA-19-Y-D;0109
SA-19-Z-A;0089
SB-20-V-D;0162
SA-19-Z-B;0090
SA-19-Z-C;0110
SA-19-Z-D;0111
SA-20-V-A;0056
SA-20-V-B;0057
SB-20-Y-A;0188
SB-20-Y-B;0189
SB-20-Y-C;0215
SB-20-Y-D;0216
SB-20-Z-A;0190
SB-20-X-A;0138
SB-20-Z-B;0191
SB-20-Z-C;0217
SB-20-Z-D;0218
SB-21-V-A;0140
SB-21-V-B;0141
SB-21-V-C;0165
SB-21-V-D;0166
SB-21-X-A;0142
SB-21-X-B;0143
SB-21-X-C;0167
SB-20-X-B;0139
SC-24-X-B;0261
SC-24-X-C;0286
SC-24-X-D;0287
SC-24-Y-A;0309
SC-24-Y-B;0310
SC-24-Y-C;0329
SC-24-Y-D;0330
SC-24-Z-A;0311
SC-24-Z-B;0312
SA-22-X-C;0083
SB-20-X-C;0163
SA-22-X-D;0084
SA-22-Y-A;0099
SA-22-Y-B;0100
SA-22-Y-C;0120
SA-22-Y-D;0121
SA-22-Z-A;0101
SA-22-Z-B;0102
SA-22-Z-C;0122
SA-22-Z-D;0123
SA-23-V-A;0068
SB-20-X-D;0164
SA-23-V-B;0069
SA-23-V-C;0085
SA-23-V-D;0086
SA-23-X-C;0087
SA-23-Y-A;0103
SA-23-Y-B;0104
SA-23-Y-C;0124
SE-22-X-B;0409
SE-22-X-C;0422
SE-22-X-D;0423
NB-21-Y-C;0006
SE-22-Y-A;0433
SE-22-Y-B;0434
SE-22-Y-C;0446
SE-22-Y-D;0447
SC-24-V-C;0284
SC-24-V-D;0285
SF-23-Z-B;0491
SF-23-Z-C;0501
SA-23-Y-D;0125
SA-23-Z-A;0105
NB-20-Y-D;0003
NB-22-Y-D;0007
SA-23-Z-B;0106
SA-23-Z-C;0126
SA-23-Z-D;0127
SA-24-Y-A;0107
SC-23-X-C;0282
SC-23-X-D;0283
SC-23-Y-A;0305
SC-23-Y-B;0306
SC-23-Y-C;0325
SC-23-Y-D;0326
NA-19-X-C;0013
SC-23-Z-A;0307
SC-23-Z-B;0308
SC-23-Z-C;0327
SC-23-Z-D;0328
SC-24-V-A;0258
SC-24-V-B;0259
SC-24-X-A;0260
SE-21-V-A;0402
SE-21-V-B;0403
SE-21-V-D;0417
NA-19-X-D;0014
SE-21-X-A;0404
SE-21-X-B;0405
SE-21-X-C;0418
SE-21-X-D;0419
SE-21-Y-B;0430
SE-21-Y-D;0443
SE-21-Z-A;0431
SE-21-Z-B;0432
SE-21-Z-C;0444
SE-21-Z-D;0445
NA-19-Y-B;0024
SE-22-V-A;0406
SE-22-V-B;0407
SE-22-V-C;0420
SE-22-V-D;0421
SE-22-X-A;0408
SA-20-Z-C;0114
SA-20-Z-D;0115
SA-21-V-A;0060
SA-21-V-B;0061
SA-21-V-C;0077
NA-19-Y-D;0038
SA-21-V-D;0078
SA-21-X-A;0062
SA-21-X-B;0063
SA-21-X-C;0079
SA-21-X-D;0080
SA-21-Y-A;0095
SA-21-Y-B;0096
SA-21-Y-C;0116
SA-21-Y-D;0117
SA-21-Z-A;0097
NA-19-Z-A;0025
SA-21-Z-B;0098
SA-21-Z-C;0118
SA-21-Z-D;0119
SA-22-V-A;0064
SA-22-V-B;0065
SA-22-V-C;0081
SA-22-V-D;0082
SA-22-X-A;0066
SA-22-X-B;0067
SD-23-Y-C;0394
NA-19-Z-B;0026
SD-23-Y-D;0395
SD-23-Z-A;0380
SD-23-Z-B;0381
SD-23-Z-C;0396
SD-23-Z-D;0397
SD-24-V-A;0349
SD-24-V-B;0350
SD-24-V-C;0366
SD-24-V-D;0367
SD-24-X-A;0351
NA-19-Z-C;0039
SD-24-X-C;0368
SD-24-Y-A;0382
SD-24-Y-B;0383
SD-24-Y-C;0398
SD-24-Y-D;0399
SD-24-Z-A;0384
SF-24-V-A;0467
SH-21-Z-D;0544
SH-22-V-A;0527
SH-22-V-B;0528
NA-19-Z-D;0040
SH-22-V-C;0534
SH-22-V-D;0535
SH-22-X-A;0529
SH-22-X-B;0530
SH-22-X-C;0536
SH-22-X-D;0536-A
SH-22-Y-A;0540
SH-22-Y-B;0541
SF-24-V-B;0468
SF-24-V-C;0480
NA-20-V-A;0007-A
SF-24-Y-A;0492
SG-21-X-B;0503
SG-21-X-D;0510
SG-21-Z-D;0520
SG-22-V-A;0504
SG-22-V-B;0505
SG-22-V-C;0511
SG-22-V-D;0512
SG-22-X-A;0506
SG-22-X-B;0507
NB-20-Z-B;0001
NA-20-V-B;0008
SG-22-X-C;0513
SG-22-X-D;0514
SG-22-Y-A;0516
SG-22-Y-B;0517
SG-22-Y-C;0521
SG-22-Y-D;0522
SG-22-Z-A;0518
SG-22-Z-B;0519
SG-22-Z-C;0523
SG-22-Z-D;0524
NA-20-V-D;0015
SG-23-V-A;0508
SG-23-V-B;0509
SG-23-V-C;0515
SH-21-V-D;0531
SH-21-X-A;0525
SH-21-X-B;0526
SH-21-X-C;0532
SH-21-X-D;0533
SH-21-Y-B;0537
SH-21-Z-A;0538
NA-20-X-A;0009
SH-21-Z-B;0539
SH-21-Z-C;0543
SF-23-Z-D;0502
SD-22-V-D;0359
SD-22-X-A;0343
SD-22-X-B;0344
SD-22-X-C;0360
SD-22-X-D;0361
SD-22-Y-A;374
SD-22-Y-B;0375
NA-20-X-B;0010
SD-22-Y-C;0390
SD-22-Y-D;0391
SD-22-Z-A;0376
SD-22-Z-B;0377
SD-22-Z-C;0392
SD-22-Z-D;0393
SD-23-V-A;0345
SD-23-V-B;0346
SD-23-V-C;0362
SD-23-V-D;0363
NA-20-X-C;0016
SD-23-X-A;0347
SD-23-X-B;0348
SD-23-X-C;0364
SD-23-X-D;0365
SD-23-Y-A;0378
SD-23-Y-B;0379
SE-23-Y-D;0451
SE-23-Z-A;0439
SE-23-Z-B;0440
SE-23-Z-C;0452
NA-20-X-D;0017
SE-23-Z-D;0453
SE-24-V-A;0414
SE-24-V-B;0415
SE-24-V-C;0428
SE-24-V-D;0429
SE-24-X-A;0416
SE-24-Y-A;0441
SE-24-Y-B;0442
SE-24-Y-C;0454
SC-22-V-D;0277
NA-20-Y-A;0027
SC-22-X-A;0252
SC-22-X-B;0253
SC-22-X-C;0278
SC-22-X-D;0279
SB-23-Y-D;0228
SB-23-Z-A;0202
SB-23-Z-B;0203
SB-23-Z-C;0229
SB-23-Z-D;0230
SB-24-V-A;0152
NA-20-Y-B;0028
SB-24-V-B;0153
SB-24-V-C;0177
SB-24-V-D;0178
SB-24-X-A;0154
SB-24-X-B;0155
SB-24-X-C;0179
SB-21-X-D;0168
SB-21-Y-A;0192
SB-21-Y-B;0193
SB-21-Y-C;0219
NA-20-Y-C;0041
SB-21-Y-D;0220
SB-21-Z-A;0194
SB-21-Z-B;0195
SB-21-Z-C;0221
SB-21-Z-D;0222
SB-22-V-A;0144
SB-22-V-B;0145
SB-22-V-C;0169
SB-22-V-D;0170
SB-22-X-A;0146
NA-20-Y-D;0042
SB-22-X-B;0147
SB-22-X-C;0171
SB-22-X-D;0172
SB-22-Y-A;0196
SB-22-Y-B;0197
SB-22-Y-C;0223
SB-22-Y-D;0224
SB-22-Z-A;0198
SB-22-Z-B;0199
SB-22-Z-C;0225
NB-20-Z-C;0004
NA-20-Z-A;0029
SB-22-Z-D;0226
SB-23-V-A;0148
SB-23-V-B;0149
SB-23-V-C;0173
SB-23-V-D;0174
SB-23-X-A;0150
SB-23-X-B;0151
SB-23-X-C;0175
SB-23-X-D;0176
SB-23-Y-A;0200
NA-20-Z-B;0030
SB-23-Y-B;0201
SB-23-Y-C;0227
SH-22-Y-C;0545
SH-22-Y-D;0546
SH-22-Z-A;0542
SH-22-Z-C;0547
SI-22-V-A;0548
SI-22-V-B;0549
SI-22-V-C;0550
SC-22-V-B;0251
NA-20-Z-C;0043
SC-22-V-C;0276
SE-22-Z-A;0435
SE-22-Z-B;0436
SE-22-Z-C;0448
SE-22-Z-D;0449
SE-23-V-A;0410
SE-23-V-B;0411
SE-23-V-C;0424
SE-23-V-D;0425
SE-23-X-A;0412
NA-20-Z-D;0044
SE-23-X-B;0413
SE-23-X-C;0426
SE-23-X-D;0427
SE-23-Y-A;0437
SE-23-Y-B;0438
SE-23-Y-C;0450
SC-19-Y-B;0290
SC-19-Y-D;0290-A
SC-19-Z-A;0291
SC-19-Z-B;0292
NA-21-V-A;0011
SC-19-Z-C;0312-A
SC-20-V-A;0242
SC-20-V-B;0243
SC-20-V-C;0268
SC-20-V-D;0269
SC-20-X-A;0244
SC-20-X-B;0245
SC-20-X-C;0270
SC-20-X-D;0271
SC-20-Y-A;0293
NA-21-V-C;0018
SC-20-Y-B;0294
SC-20-Y-C;0313
SC-20-Y-D;0314
SC-20-Z-A;0295
SD-22-V-C;0358
SD-24-Z-C;0400
SE-20-X-B;0401
SE-24-Y-D;0455
SF-21-V-B;0456
SF-21-V-D;0469
NA-21-V-D;0018-A
SF-21-X-A;0457
SF-21-X-B;0458
SF-21-X-C;0470
SF-21-X-D;0471
SF-21-Y-B;0481
SF-21-Z-A;0482
SC-20-Z-B;0296
SC-20-Z-C;0315
SC-20-Z-D;0316
SC-21-V-A;0246
NA-21-X-C;0019
SC-21-V-B;0247
SC-21-V-C;0272
SC-21-V-D;0273
SC-21-X-A;0248
SC-21-X-B;0249
SC-21-X-C;0274
SC-21-X-D;0275
SC-21-Y-A;0297
SC-21-Y-B;0298
SC-21-Y-C;0317
NA-21-X-D;0020
SC-21-Y-D;0318
SC-21-Z-A;0299
SC-21-Z-B;0300
SC-21-Z-C;0319
SC-21-Z-D;0320
SC-22-V-A;0250
SC-22-Y-A;0301
SC-22-Y-B;0302
SC-22-Y-C;0321
SC-22-Y-D;0322
NA-21-Y-A;0031
SC-22-Z-A;0303
SC-22-Z-B;0304
SC-22-Z-C;0323
SC-22-Z-D;0324
SC-23-V-A;0254
SC-23-V-B;0255
SC-23-V-C;0280
SC-23-V-D;0281
SC-23-X-A;0256
SC-23-X-B;0257
NB-20-Z-D;0005
NA-21-Y-B;0032
SD-22-V-A;0341
SD-22-V-B;0342
SB-24-X-D;0180
SB-24-Y-A;0204
SB-24-Y-B;0205
SB-24-Y-C;0231
SB-24-Y-D;0232
SB-24-Z-A;0206
SB-24-Z-B;0207
SB-24-Z-C;0233
NA-21-Y-C;0045
SB-24-Z-D;0234
SB-25-V-C;0181
SB-25-Y-A;0208
SB-25-Y-C;0235
SC-18-X-A;0236
SC-18-X-B;0237
SC-18-X-D;0263
SC-19-V-A;0238
SC-19-V-B;0239
SC-19-V-C;0264
NA-21-Y-D;0046
SC-19-V-D;0265
SC-19-X-A;0240
SC-19-X-B;0241
SC-19-X-C;0266
SC-19-X-D;0267
SC-19-Y-A;0289
SF-23-X-B;0466
SF-23-X-C;0478
SF-23-X-D;0479
SF-23-Y-A;0488
NA-21-Z-A;0033
SF-23-Y-B;0489
SF-23-Y-C;0499
SF-23-Y-D;0500
SF-23-Z-A;0490
SF-21-Z-B;0483
SF-21-Z-C;0493
SF-21-Z-D;0494
SF-22-V-A;0459
SF-22-V-B;0460
SF-22-V-C;0472
NA-21-Z-B;0034
SF-22-V-D;0473
SF-22-X-A;0461
SF-22-X-B;0462
SF-22-X-C;0474
SF-22-X-D;0475
SF-22-Y-A;0484
SF-22-Y-B;0485
SF-22-Y-C;0495
SF-22-Y-D;0496
SF-22-Z-A;0486
NA-21-Z-C;0047
SF-22-Z-B;0487
SF-22-Z-C;0497
SF-22-Z-D;0498
SF-23-V-A;0463
SF-23-V-B;0464
SF-23-V-C;0476
SF-23-V-D;0477
SF-23-X-A;0465
NA-21-Z-D;0048
SA-24-Y-B;0108
SA-24-Y-C;0128
SA-24-Y-D;0129
NB-21-Y-A;0001-A
SA-24-Z-C;0130
SB-18-X-B;0131
SB-18-X-D;0156
SB-18-Z-A;0182
SB-18-Z-B;0183
SB-18-Z-C;0209
SB-18-Z-D;0210
SB-19-V-A;0132
SB-19-V-B;0133
SB-19-V-C;0157
SB-19-Z-A;0186
SB-19-V-D;0158
SB-19-X-A;0134
SB-19-X-B;0135
SB-19-X-C;0159
SB-19-X-D;0160
SB-19-Y-A;0184
SB-19-Y-B;0185
SB-19-Y-C;0211
SB-19-Y-D;0212
SC-24-Z-C;0331
SB-19-Z-B;0187
SC-24-Z-D;0332
SC-25-V-A;0262
SC-25-V-C;0288
SD-20-V-A;0333
SD-20-V-B;0334
SD-20-X-A;0335
SD-20-X-B;0336
SD-20-X-C;0352
SD-20-X-D;0353
SD-20-Z-B;0369
SB-19-Z-C;0213
SD-20-Z-D;0385
SD-21-V-A;0337
SD-21-V-B;0338
SD-21-V-C;0354
SD-21-V-D;0355
SD-21-X-A;0339
SD-21-X-B;0340
SA-20-V-C;0073
SA-20-V-D;0074
SA-20-X-A;0058
